{
  "hour": 18.39065850697095,
  "amount": 16.239134672974217,
  "cat_id": 14.413130998618106,
  "amount_log": 13.809285615034959,
  "merch": 5.804572732582522
}